"","SNP","beta","p_value","se","risk_allele"
"1","rs6820205","0.538246219341983","1e-06",-0.429466214621437,"T"
"2","rs3848597","0.283674051054242","3e-06",-0.457309157625387,"G"
"3","rs188140481","1.63","3e-34",0.13265306122449,"A"
"4","rs138213197","2.76","2e-29",0.244897959183673,"T"
"5","rs138213197","0.639999999999999","3e-09",0.107142857142857,"T"
"6","rs77112978","0.385262400790645","3e-08",-0.456498775106814,"G"
"7","rs55850837","0.371563556432483","4e-08",-0.458385940595672,"A"
"8","rs17878533","0.182321556793955","5e-07",-0.478407368982676,"A"
"9","rs74874116","0.553885113226438","3e-07",-0.436793309578348,"T"
"10","rs116419656","1.23837423104327","2e-08",-0.511033555590168,"G"
"11","rs115861550","0.717839793150317","4e-06",-0.404163370841675,"T"
"12","rs563064","1.09192330051731","5e-08",-0.468406479327903,"A"
"13","rs59027729","0.641853886172395","4e-08",-0.44293169072837,"A"
"14","rs11651052","0.198850858745165","2e-40",-0.505688337374916,"G"
"15","rs140971918","0.518793793415168","4e-06",-0.418982758461649,"G"
"16","rs7325069","0.488580014818671","3e-06",-0.429295910806801,"G"
"17","rs234439","0.576613364303994","3e-06",-0.414993181477554,"G"
"18","rs112896149","0.625938430866495","5e-06",-0.41023549445587,"G"
"19","rs8093567","0.698134722070984","2e-06",-0.414216978535212,"T"
"20","rs7258285","0.506817602368452","3e-06",-0.425093060016096,"G"
"21","rs1340678","0.444685821261446","4e-06",-0.431282744254364,"T"
"22","rs12095604","0.741937344729377","5e-06",-0.402072783301338,"C"
"23","rs61005944","0.570979546585738","1e-06",-0.428071659905236,"C"
"24","rs148184576","1.27815220250019","3e-06",-0.414208059948883,"A"
"25","rs5855014","0.751416088683921","3e-06",-0.407440771079632,"G"
"26","chr4:181412356","1.11185751541813","5e-06",-0.391909430909117,"T"
"27","rs72725854","1.21491274436427","2e-11",-0.584228191650883,"T"
"28","rs76784613","1.05082162483176","1e-06",-0.417948150596041,"G"
"29","rs2151715","0.553885113226438","3e-06",-0.421487187129368,"G"
"30","rs73408421","0.593326845277734","1e-06",-0.421772017715442,"A"
"31","rs1270884","0.0676586484738149","1e-18",-0.506296607921523,"A"
"32","rs8014671","0.048790164169432","2e-08",-0.500617263178861,"G"
"33","rs684232","0.0861776962410524","4e-24",-0.501950154979055,"C"
"34","rs7241993","0.0769610411361284","2e-18",-0.501550489216261,"C"
"35","rs2735839","0.165514438477573","3e-47",-0.502288551797157,"G"
"36","rs2427345","0.048790164169432","3e-08",-0.500617263178861,"C"
"37","rs5945619","0.104360015324243","1e-73",-0.507979584018243,"C"
"38","rs56391074","0.048790164169432","2e-08",-0.500617263178861,"A"
"39","rs74702681","0.157003748809665","2e-09",-0.486222577137926,"T"
"40","rs11691517","0.0676586484738149","4e-12",-0.501194567105196,"T"
"41","rs34925593","0.048790164169432","3e-08",-0.500617263178861,"C"
"42","rs59308963","0.048790164169432","2e-08",-0.500617263178861,"T"
"43","rs182314334","0.0861776962410524","4e-11",-0.496848114162728,"T"
"44","rs2121875","0.048790164169432","1e-08",-0.500617263178861,"C"
"45","rs4713266","0.048790164169432","1e-10",-0.505719303995188,"C"
"46","rs112293876","0.0582689081239758","4e-10",-0.500883210140829,"C"
"47","rs11863709","0.148420005118273","2e-11",-0.490602038204963,"C"
"48","rs28441558","0.148420005118273","1e-16",-0.495704079021289,"C"
"49","rs142444269","0.0676586484738149","3e-10",-0.501194567105196,"C"
"50","rs2680708","0.048790164169432","2e-08",-0.500617263178861,"G"
"51","rs8093601","0.048790164169432","2e-08",-0.500617263178861,"C"
"52","rs28607662","0.0769610411361284","3e-08",-0.496448448399935,"C"
"53","rs533722308","0.048790164169432","1e-08",-0.500617263178861,"C"
"54","rs10460109","0.048790164169432","4e-08",-0.500617263178861,"T"
"55","rs11480453","0.048790164169432","3e-08",-0.500617263178861,"C"
"56","rs9625483","0.131028262406404","2e-08",-0.48927129469061,"A"
"57","rs17321482","0.0676586484738149","2e-13",-0.501194567105196,"C"
"58","rs76551843","0.27002713721306","2e-08",-0.469373909585173,"A"
"59","rs1933488","0.0769610411361284","4e-21",-0.501550489216261,"A"
"60","rs10486567","0.131028262406404","2e-45",-0.50457741713959,"G"
"61","rs56232506","0.0582689081239758","1e-11",-0.500883210140829,"A"
"62","rs2928679","0.048790164169432","2e-11",-0.505719303995188,"A"
"63","rs183373024","1.0681530811834","4e-160",-0.827472917763571,"G"
"64","rs1447295","0.343589704390077","1e-179",-0.528780763066287,"A"
"65","rs17694493","0.0769610411361284","2e-10",-0.496448448399935,"G"
"66","rs76934034","0.113328685307003","2e-14",-0.498301691169896,"T"
"67","rs10993994","0.207014169384326","2e-147",-0.511727464599834,"T"
"68","rs4962416","0.0582689081239758","2e-11",-0.500883210140829,"C"
"69","rs7931342","0.157003748809665","1e-86",-0.506630740403232,"G"
"70","rs11568818","0.0769610411361284","2e-19",-0.501550489216261,"T"
"71","rs11214775","0.0676586484738149","4e-15",-0.501194567105196,"G"
"72","rs80130819","0.0953101798043249","2e-11",-0.49729072458963,"A"
"73","rs10875943","0.0676586484738149","2e-15",-0.501194567105196,"C"
"74","rs4430796","0.198850858745165","1e-132",-0.510790378191242,"A"
"75","rs1859962","0.157003748809665","1e-91",-0.511732781219559,"G"
"76","rs11672691","0.0953101798043249","2e-23",-0.502392765405957,"G"
"77","rs6062509","0.0769610411361284","3e-18",-0.501550489216261,"T"
"78","rs2405942","0.048790164169432","2e-12",-0.505719303995188,"A"
"79","rs17599629","0.0676586484738149","1e-11",-0.501194567105196,"G"
"80","rs4245739","0.0953101798043249","3e-24",-0.502392765405957,"A"
"81","rs11902236","0.048790164169432","5e-07",-0.500617263178861,"T"
"82","rs9306895","0.0769610411361284","3e-21",-0.501550489216261,"C"
"83","rs1465618","0.0861776962410524","2e-18",-0.501950154979055,"T"
"84","rs10187424","0.0769610411361284","1e-20",-0.501550489216261,"T"
"85","rs12621278","0.2390169004705","2e-42",-0.505603622208929,"A"
"86","rs2292884","0.0582689081239758","4e-11",-0.500883210140829,"G"
"87","rs3771570","0.0861776962410524","1e-14",-0.496848114162728,"T"
"88","rs2242652","0.157003748809665","4e-52",-0.506630740403232,"G"
"89","rs9296068","0.048790164169432","1e-08",-0.500617263178861,"T"
"90","rs4711748","0.048790164169432","3e-08",-0.500617263178861,"T"
"91","rs527510716","0.0582689081239758","5e-08",-0.500883210140829,"C"
"92","rs10122495","0.048790164169432","1e-08",-0.500617263178861,"T"
"93","rs1182","0.0582689081239758","1e-09",-0.500883210140829,"A"
"94","rs7094871","0.0392207131532813","5e-08",-0.505499636146285,"G"
"95","rs547171081","0.048790164169432","3e-08",-0.500617263178861,"C"
"96","rs2277283","0.0582689081239758","3e-10",-0.500883210140829,"C"
"97","rs138466039","0.27763173659828","2e-11",-0.480800134388633,"T"
"98","rs878987","0.0676586484738149","5e-08",-0.49609252628887,"G"
"99","rs2066827","0.0582689081239758","2e-09",-0.500883210140829,"T"
"100","rs10845938","0.0582689081239758","1e-12",-0.500883210140829,"G"
"101","rs7968403","0.0582689081239758","3e-12",-0.500883210140829,"T"
"102","rs7295014","0.048790164169432","1e-09",-0.505719303995188,"G"
"103","rs1004030","0.048790164169432","2e-08",-0.500617263178861,"T"
"104","rs11629412","0.0582689081239758","2e-12",-0.500883210140829,"C"
"105","rs4924487","0.0582689081239758","1e-08",-0.500883210140829,"C"
"106","rs33984059","0.173953307123438","1e-08",-0.482676884120695,"A"
"107","rs11859370","0.19062035960865","2e-08",-0.479275326730281,"T"
"108","rs2788524","0.0953101798043249","4e-10",-0.49729072458963,"G"
"109","rs56366063","0.131028262406404","1e-08",-0.48927129469061,"C"
"110","rs138004030","0.2390169004705","3e-08",-0.474991377310969,"G"
"111","rs111599055","0.122217632724249","1e-08",-0.488664473099873,"C"
"112","rs77777548","1.07840958135059","3e-08",-0.475301234004801,"G"
"113","rs7767188","0.0582689081239758","2e-08",-0.500883210140829,"A"
"114","rs130067","0.048790164169432","2e-07",-0.500617263178861,"G"
"115","rs3096702","0.0582689081239758","1e-11",-0.500883210140829,"A"
"116","rs3129859","0.0582689081239758","1e-12",-0.500883210140829,"G"
"117","rs2273669","0.0676586484738149","3e-10",-0.501194567105196,"G"
"118","rs5919432","0.0392207131532813","1e-09",-0.505499636146285,"T"
"119","rs4844289","0.0392207131532813","3e-12",-0.505499636146285,"G"
"120","rs10934853","0.0953101798043249","1e-29",-0.507494806222283,"A"
"121","rs10936632","0.0953101798043249","3e-34",-0.502392765405957,"A"
"122","rs10009409","0.0582689081239758","4e-10",-0.500883210140829,"T"
"123","rs17021918","0.0861776962410524","1e-24",-0.501950154979055,"C"
"124","rs7679673","0.122217632724249","1e-49",-0.503970595548853,"C"
"125","rs11859370","0.122217632724249","2e-10",-0.4937665139162,"T"
"126","rs56366063","0.0769610411361284","2e-08",-0.496448448399935,"C"
"127","rs1218582","0.048790164169432","1e-08",-0.500617263178861,"G"
"128","rs902774","0.122217632724249","2e-31",-0.503970595548853,"A"
"129","rs7141529","0.048790164169432","2e-10",-0.505719303995188,"C"
"130","rs9623117","0.165514438477573","5e-07",-0.481880388531851,"C"
"131","rs12653946","0.3293037471426","3e-07",-0.454436863702755,"T"
"132","rs1512268","0.300104592450338","5e-06",-0.454028269157991,"T"
"133","rs6983561","0.625938430866495","4e-13",-0.486766106700768,"C"
"134","rs10090154","0.518793793415168","3e-06",-0.424084799277976,"T"
"135","rs13254738","0.46373401623214","4e-10",-0.46748264477952,"C"
"136","rs17632542","0.615185639090233","1e-07",-0.507558347402942,"T"
"137","rs7126629","0.364643113587909","2e-08",-0.482324942046985,"C"
"138","rs2005705","0.300104592450338","1e-06",-0.474436432423297,"G"
"139","rs10993994","0.27763173659828","2e-07",-0.475698093572306,"T"
"140","rs11228583","0.285178942233662","2e-07",-0.47694951926854,"T"
"141","rs12597458","0.104360015324243","1e-07",-0.487571420752937,"G"
"142","rs12198220","0.113328685307003","2e-07",-0.488097609537243,"T"
"143","rs4242382","0.371563556432483","1e-34",-0.499202267126284,"A"
"144","rs17765344","0.173953307123438","4e-21",-0.497983006569674,"A"
"145","rs5759167","0.165514438477573","1e-16",-0.486982429348177,"G"
"146","rs10993994","0.148420005118273","1e-15",-0.495704079021289,"T"
"147","rs7929962","0.139761942375159","2e-13",-0.495019417155531,"T"
"148","rs7758229","0.139761942375159","4e-12",-0.489917376339205,"T"
"149","rs17023900","0.231111720963387","1e-11",-0.484126672977864,"G"
"150","rs7725218","0.139761942375159","3e-11",-0.489917376339205,"G"
"151","rs10774740","0.131028262406404","3e-10",-0.48927129469061,"G"
"152","rs7679673","0.113328685307003","4e-09",-0.49319965035357,"C"
"153","rs2807031","0.139761942375159","4e-06",-0.484815335522878,"C"
"154","rs6983267","0.207014169384326","4e-10",-0.481115219701874,"G"
"155","kgp1923988","0.343589704390077","3e-08",-0.462454232454042,"C"
"156","rs3123636","0.314810739840034","3e-09",-0.466933295999983,"C"
"157","rs12270641","0.336472236621213","1e-11",-0.476289675193259,"T"
"158","rs11651052","0.314810739840034","3e-10",-0.472035336816309,"A"
"159","rs56005245","0.343589704390077","1e-08",-0.462454232454042,"T"
"160","rs138042437","2.58399755243223","2e-08",-1.42142982018764,"G"
"161","rs4506170","0.412109650826833","2e-09",-0.463209361823044,"C"
"162","rs1447295","0.357674444271816","2e-14",-0.475676303942951,"A"
"163","rs339331","0.198850858745165","2e-12",-0.48528017410961,"T"
"164","rs9600079","0.165514438477573","3e-09",-0.486982429348177,"T"
"165","rs12653946","0.231111720963387","4e-18",-0.494330754610517,"T"
"166","rs11672691","0.104360015324243","1e-08",-0.467163257487631,"G"
"167","rs11672691","0.0769610411361284","2e-12",-0.491346407583608,"G"
"168","rs11704416","0.048790164169432","4e-06",-0.464902977464575,"C"
"169","rs11704416","0.0582689081239758","4e-07",-0.490679128508176,"C"
"170","rs16901979","0.582215619852664","1e-12",-0.483563459258845,"A"
"171","rs1456305","0.741937344729377","3e-15",-0.514317681260522,"T"
"172","rs10934853","0.113328685307003","3e-10",-0.49319965035357,"A"
"173","rs1447295","0.457424847038875","2e-19",-0.496211812735268,"A"
"174","rs16901979","0.587786664902119","3e-14",-0.490925170968307,"A"
"175","rs8102476","0.113328685307003","2e-11",-0.49319965035357,"C"
"176","rs5945572","0.207014169384326","4e-13",-0.486217260518201,"A"
"177","rs1859962","0.182321556793955","3e-10",-0.488611450615329,"G"
"178","rs4430796","0.198850858745165","1e-11",-0.48528017410961,"A"
"179","rs4242382","0.506817602368452","3e-19",-0.491419590628341,"A"
"180","rs4962416","0.157003748809665","2e-07",-0.455610332239967,"C"
"181","rs10896449","0.0953101798043249","2e-09",-0.451372357242691,"G"
"182","rs10486567","0.113328685307003","2e-06",-0.462587405455611,"G"
"183","rs4430796","0.165514438477573","1e-09",-0.446166102817565,"A"
"184","rs6465657","0.113328685307003","1e-09",-0.47789352790459,"C"
"185","rs2735839","0.182321556793955","2e-18",-0.468203287350023,"G"
"186","rs2660753","0.165514438477573","3e-08",-0.456370184450218,"T"
"187","rs7931342","0.173953307123438","2e-12",-0.477574843304368,"G"
"188","rs5945619","0.173953307123438","2e-09",-0.457166680039062,"C"
"189","rs11568818","0.0953101798043249","2e-11",-0.492188683773304,"A"
"190","rs2427345","0.0582689081239758","4e-08",-0.495781169324502,"G"
"191","rs11902236","0.0676586484738149","3e-08",-0.490990485472543,"A"
"192","rs7611694","0.0953101798043249","4e-13",-0.502392765405957,"A"
"193","rs6869841","0.0676586484738149","5e-08",-0.49609252628887,"A"
"194","rs1933488","0.113328685307003","4e-18",-0.498301691169896,"A"
"195","rs8008270","0.113328685307003","2e-14",-0.49319965035357,"G"
"196","rs7141529","0.0861776962410524","3e-10",-0.496848114162728,"G"
"197","rs11650494","0.139761942375159","2e-09",-0.484815335522878,"A"
"198","rs7241993","0.0861776962410524","2e-09",-0.491746073346402,"G"
"199","rs1218582","0.0582689081239758","2e-08",-0.495781169324502,"G"
"200","rs4245739","0.0953101798043249","2e-11",-0.487086642956977,"A"
"201","rs6062509","0.113328685307003","4e-16",-0.498301691169896,"A"
"202","rs2405942","0.131028262406404","2e-10",-0.48927129469061,"A"
"203","rs7501939","0.173953307123438","2e-06",-0.477574843304368,"C"
"204","rs1859962","0.2390169004705","3e-11",-0.480093418127296,"G"
"205","rs1016343","0.27002713721306","4e-10",-0.4744759504015,"T"
"206","rs2292884","0.131028262406404","4e-08",-0.48927129469061,"G"
"207","rs7629490","0.0582689081239758","1e-07",-0.500883210140829,"T"
"208","rs651164","0.139761942375159","2e-10",-0.489917376339205,"G"
"209","rs13252298","0.113328685307003","4e-06",-0.47789352790459,"A"
"210","rs445114","0.198850858745165","5e-07",-0.46997405166063,"T"
"211","rs4242384","0.444685821261446","3e-16",-0.487405193233956,"C"
"212","rs10993994","0.165514438477573","5e-06",-0.476778347715524,"T"
"213","rs1775148","0.0582689081239758","4e-08",-0.500883210140829,"C"
"214","rs9443189","0.0769610411361284","4e-08",-0.496448448399935,"G"
"215","rs7153648","0.104360015324243","2e-09",-0.492673461569264,"C"
"216","rs12051443","0.0582689081239758","3e-08",-0.500883210140829,"A"
"217","rs1041449","0.0582689081239758","3e-08",-0.500883210140829,"G"
"218","rs2238776","0.0769610411361284","2e-08",-0.496448448399935,"G"
"219","rs9287719","0.0676586484738149","2e-08",-0.49609252628887,"C"
"220","rs10009409","0.0861776962410524","2e-10",-0.496848114162728,"T"
"221","rs4713266","0.0676586484738149","4e-08",-0.49609252628887,"C"
"222","rs115457135","0.0769610411361284","2e-08",-0.501550489216261,"A"
"223","rs115306967","0.0769610411361284","3e-09",-0.501550489216261,"G"
"224","rs56232506","0.0676586484738149","2e-09",-0.501194567105196,"A"
"225","rs17694493","0.0953101798043249","4e-08",-0.492188683773304,"G"
"226","rs11214775","0.0769610411361284","3e-08",-0.496448448399935,"G"
"227","rs80130819","0.122217632724249","4e-08",-0.488664473099873,"A"
"228","rs8014671","0.0676586484738149","1e-08",-0.501194567105196,"G"
"229","rs4844289","0.048790164169432","1e-09",-0.505719303995188,"G"
"230","rs12480328","0.122217632724249","2e-07",-0.488664473099873,"T"
"231","rs1041449","0.0582689081239758","3e-07",-0.500883210140829,"G"
"232","rs2238776","0.0861776962410524","2e-07",-0.496848114162728,"G"
"233","rs636291","0.165514438477573","2e-08",-0.486982429348177,"A"
"234","rs17599629","0.0769610411361284","3e-09",-0.501550489216261,"G"
"235","rs9287719","0.0582689081239758","3e-08",-0.500883210140829,"C"
"236","rs10009409","0.0769610411361284","2e-10",-0.496448448399935,"T"
"237","rs4713266","0.0582689081239758","3e-09",-0.500883210140829,"C"
"238","rs115457135","0.0676586484738149","1e-07",-0.501194567105196,"A"
"239","rs17694493","0.0769610411361284","1e-06",-0.496448448399935,"G"
"240","rs76934034","0.122217632724249","1e-08",-0.4937665139162,"T"
"241","rs11214775","0.0676586484738149","5e-08",-0.49609252628887,"G"
"242","rs80130819","0.131028262406404","2e-09",-0.48927129469061,"A"
"243","rs8014671","0.0582689081239758","3e-07",-0.500883210140829,"G"
"244","rs2807031","0.0676586484738149","3e-11",-0.501194567105196,"C"
"245","rs6983267","0.289999999999998","4e-15",0.0357142857142847,"G"
"246","rs10993994","0.4","3e-26",0.0357142857142857,"T"
"247","rs4793529","0.280000000000002","2e-13",0.0408163265306133,"T"
"248","rs17632542","0.729999999999999","2e-28",0.0663265306122444,"T"
"249","rs2242652","0.139761942375159","3e-24",-0.495019417155531,"G"
"250","rs5919432","0.0582689081239758","1e-08",-0.490679128508176,"A"
"251","rs10187424","0.0861776962410524","3e-15",-0.496848114162728,"A"
"252","rs7584330","0.0582689081239758","3e-09",-0.490679128508176,"C"
"253","rs6763931","0.0392207131532813","2e-08",-0.495295554513632,"T"
"254","rs2121875","0.048790164169432","4e-08",-0.495515222362535,"G"
"255","rs130067","0.048790164169432","3e-08",-0.495515222362535,"G"
"256","rs61365765","-0.157203434745574","4e-10",-0.495220031502844,"A"
"257","rs11002805","0.13644645220684","2e-10",-0.491204203976102,"A"
"258","rs142025399","0.472251663023274","2e-10",-0.466052165804452,"T"
"259","rs397704695","0.164492984767923","2e-14",-0.492602208281672,"T"
"260","rs8064454","0.317424474342732","2e-45",-0.50872078400881,"C"
"261","rs1810020","0.144117486683963","1e-11",-0.491836334855121,"G"
"262","rs10193919","0.11680300002275","2e-08",-0.490782717845536,"T"
"263","rs11429002","0.1561827281037","3e-12",-0.491103020865459,"G"
"264","rs4672530","-0.189827979624604","1e-14",-0.499010073277859,"C"
"265","rs1997577","-0.129670819948441","2e-09",-0.495765268851245,"T"
"266","rs138426","0.172432403236084","2e-12",-0.489795892226488,"A"
"267","rs149272765","1.03850829380194","3e-19",-0.618804939896969,"T"
"268","rs74651796","-0.162784917810707","1e-08",-0.493080035107504,"G"
"269","rs370595232","0.227866699667503","2e-15",-0.489437990985968,"C"
"270","rs7808935","-0.185136073833782","5e-08",-0.491161174404991,"C"
"271","rs72725879","0.475856965002975","3e-107",-0.544254307141339,"T"
"272","rs4872174","-0.26423719731172","2e-35",-0.510555288934551,"T"
"273","rs13255059","-0.584460861522381","3e-86",-0.566509793592718,"G"
"274","rs4871009","0.383373475036013","1e-49",-0.515952443445973,"T"
"275","rs9969411","-0.250461435040245","4e-23",-0.505755512669895,"A"
"276","rs11649743","-0.11759589691793","2e-07",-0.49395200623654,"A"
"277","rs75618320","-0.110728084203326","2e-07",-0.49445800950125,"A"
"278","rs2659124","0.165514438477573","1e-13",-0.492084470164504,"T"
"279","rs7808935","0.157003748809665","3e-11",-0.491324617954253,"T"
"280","rs77541621","0.713349874877465","2e-26",-0.549311288327824,"A"
"281","rs11986220","0.431782416425538","4e-45",-0.519498767129828,"A"
"282","rs10875943","0.113328685307003","2e-06",-0.488097609537243,"C"
"283","12:53309584","0.22314355131421","2e-14",-0.488192065656015,"A"
"284","rs17599629","0.131028262406404","1e-06",-0.484169253874284,"G"
"285","rs10486567","0.157003748809665","3e-09",-0.486222577137926,"G"
"286","rs1512268","0.157003748809665","2e-12",-0.491324617954253,"A"
"287","rs10086908","0.157003748809665","2e-10",-0.491324617954253,"T"
"288","rs7501939","0.157003748809665","4e-15",-0.496426658770579,"C"
"289","rs11986220","0.444685821261446","2e-40",-0.518017438131915,"A"
"290","rs1512268","0.157003748809665","4e-15",-0.491324617954253,"A"
"291","rs902774","0.157003748809665","1e-07",-0.486222577137926,"A"
"292","rs10187424","0.122217632724249","3e-09",-0.488664473099873,"A"
"293","rs7679673","0.113328685307003","5e-08",-0.488097609537243,"C"
"294","rs10086908","0.157003748809665","2e-12",-0.491324617954253,"T"
"295","rs13252298","0.104360015324243","2e-06",-0.487571420752937,"A"
"296","rs3731827","0.122217632724249","1e-09",-0.4937665139162,"T"
"297","rs142463603","0.165514438477573","4e-16",-0.492084470164504,"A"
"298","rs72725879","0.65232518603969","3e-08",-0.452895313245056,"T"
"299","rs339331","0.122217632724249","1e-06",-0.483562432283546,"T"
"300","rs2735839","0.182321556793955","2e-08",-0.483509409799002,"G"
"301","rs10187424","0.104360015324243","5e-06",-0.487571420752937,"A"
"302","rs5759167","0.122217632724249","2e-09",-0.4937665139162,"G"
"303","rs1859962","0.122217632724249","2e-09",-0.488664473099873,"G"
"304","rs6983267","0.22314355131421","3e-24",-0.498396147288668,"G"
"305","rs10486567","0.157003748809665","3e-11",-0.491324617954253,"G"
"306","rs16902104","0.165514438477573","1e-09",-0.486982429348177,"T"
"307","rs7501939","0.173953307123438","1e-14",-0.492880965753348,"C"
"308","rs10993994","0.19062035960865","3e-18",-0.49458144917926,"T"
"309","rs11649743","0.139761942375159","1e-06",-0.484815335522878,"G"
"310","rs6983267","0.22314355131421","3e-27",-0.498396147288668,"G"
"311","rs4646284","0.165514438477573","1e-19",-0.49718651098083,"T"
"312","rs2736098","0.0695260626486103","3e-18",-0.505343845587444,"T"
"313","rs4975758","0.0962188577405429","2e-48",-0.507031195030335,"G"
"314","rs71599622","0.0459289318883997","4e-08",-0.502077075567143,"T"
"315","rs10941370","0.0363319292473902","4e-08",-0.501871464669699,"T"
"316","rs1482675","0.0353671438372913","4e-07",-0.502363702123831,"T"
"317","rs10793821","0.0563803334361077","3e-17",-0.501846768655047,"T"
"318","rs76551843","0.270790204781563","2e-08",-0.468984589397162,"A"
"319","rs9686557","0.0344014267173323","4e-07",-0.502856414940137,"C"
"320","rs61739424","0.0998453349697161","1e-09",-0.49497686991341,"G"
"321","rs2672843","0.0468835858988505","3e-11",-0.501590007194464,"G"
"322","rs2814811","0.043059489460447","2e-09",-0.503541076805894,"A"
"323","rs2018336","0.0620353909194527","4e-13",-0.504063576061504,"T"
"324","rs6927369","0.0648509723196163","2e-16",-0.502627054938971,"C"
"325","rs4269363","0.043059489460447","3e-10",-0.503541076805894,"G"
"326","rs12665509","0.0401817896328318","3e-09",-0.505009291003657,"A"
"327","rs35159226","0.043059489460447","4e-08",-0.503541076805894,"C"
"328","rs4714485","0.0944006754214843","2e-41",-0.502856798254345,"G"
"329","rs9472120","0.0382587121170903","3e-09",-0.505990453001485,"C"
"330","rs9443189","0.0723206615796261","3e-17",-0.503918029806313,"A"
"331","rs339351","0.109750863959119","3e-53",-0.505229151041266,"C"
"332","rs143745027","0.156148682489931","3e-38",-0.501964957913301,"G"
"333","rs7628934","0.093490343087339","2e-41",-0.503321253526868,"C"
"334","rs1283104","0.0440168854167743","3e-11",-0.503052609481238,"G"
"335","rs151038334","0.0760346862759976","2e-08",-0.496921078430614,"C"
"336","rs2271494","0.0778865386570712","2e-31",-0.506180337419862,"A"
"337","rs2811476","0.0971267107307228","4e-39",-0.506568004729223,"C"
"338","rs35006112","0.0797349680188535","4e-21",-0.500135220398544,"G"
"339","rs1457063","0.043059489460447","1e-09",-0.503541076805894,"A"
"340","rs2293607","0.0582689081239758","2e-13",-0.500883210140829,"T"
"341","rs11717887","0.0401817896328318","3e-08",-0.505009291003657,"C"
"342","rs17804499","0.193920692637306","4e-26",-0.497999646613619,"G"
"343","rs7679673","0.0953101798043249","3e-35",-0.502392765405957,"C"
"344","rs17035310","0.0667236320429081","3e-09",-0.501671616304639,"C"
"345","rs77821238","0.0525924501191706","4e-08",-0.49867732136777,"C"
"346","rs72725734","0.0506931143155182","1e-08",-0.499646370247185,"G"
"347","rs147762399","0.0806579030174545","4e-09",-0.499664335195176,"T"
"348","rs71595003","0.172271220940453","3e-14",-0.493739172989565,"A"
"349","rs533722308","0.049742091894814","4e-10",-0.500131585767952,"C"
"350","rs10412482","0.0516432331518384","2e-12",-0.504263656555185,"C"
"351","rs17501397","0.0760346862759976","3e-08",-0.496921078430614,"C"
"352","rs59710626","0.0563803334361077","1e-08",-0.501846768655047,"G"
"353","rs11673591","0.0732504617395927","1e-22",-0.503443641969596,"T"
"354","rs2659051","0.0925791812930932","3e-29",-0.50378613199332,"G"
"355","rs76765083","0.265436463504461","2e-62",-0.50743037576303,"T"
"356","rs6039055","0.0363319292473902","2e-06",-0.501871464669699,"A"
"357","rs11480453","0.0411419433311752","4e-08",-0.504519416667768,"C"
"358","rs6141551","0.0411419433311752","3e-09",-0.504519416667768,"C"
"359","rs381331","0.0506931143155182","1e-12",-0.504748411063511,"A"
"360","rs1058319","0.110646520087064","1e-29",-0.504772183629049,"C"
"361","rs11701433","0.0401817896328318","1e-08",-0.505009291003657,"C"
"362","rs9978557","0.0852598439508234","4e-11",-0.497316406147539,"C"
"363","rs1978060","0.0525924501191706","4e-14",-0.503779362184097,"G"
"364","rs11561564","0.0629747991613884","1e-12",-0.503584286142149,"G"
"365","rs33984059","0.173953307123438","2e-09",-0.482676884120695,"A"
"366","rs8023793","0.0305292050348228","1e-06",-0.504832038247539,"A"
"367","rs12913603","0.0382587121170903","1e-08",-0.505990453001485,"A"
"368","rs7188897","0.0449733656427312","2e-09",-0.502564609365953,"T"
"369","rs13380763","0.0544881852840698","2e-09",-0.50281215036527,"C"
"370","rs11863709","0.131028262406404","3e-11",-0.494373335506937,"C"
"371","rs8052913","0.0411419433311752","4e-10",-0.504519416667768,"C"
"372","rs684232","0.0806579030174545","2e-33",-0.504766376011503,"C"
"373","rs78378222","0.232697764119021","3e-11",-0.483317467286214,"G"
"374","rs28441558","0.152721087017664","2e-21",-0.49861169029711,"C"
"375","rs72811270","0.0554347068881005","2e-08",-0.502329231179541,"A"
"376","rs4795646","0.0554347068881005","2e-11",-0.502329231179541,"G"
"377","rs11263763","0.193920692637306","1e-183",-0.513305769062599,"A"
"378","rs138213197","1.38027628879433","1e-62",-1.02026719959473,"T"
"379","rs2960158","0.0440168854167743","1e-08",-0.503052609481238,"T"
"380","rs565189650","0.1016536537265","2e-14",-0.499156299119133,"T"
"381","rs148511027","0.151002873536527","1e-105",-0.509692411460956,"G"
"382","rs35283980","0.0401817896328318","1e-08",-0.505009291003657,"G"
"383","rs72725854","0.735727628095064","4e-82",-0.614424679543335,"T"
"384","rs72725879","0.258510695151501","1e-90",-0.510963931045153,"T"
"385","rs183373024","0.819339205797705","1e-80",-0.648296323572599,"G"
"386","rs78809737","0.0806579030174545","3e-09",-0.499664335195176,"G"
"387","rs17464492","0.111541374732908","4e-48",-0.504315625136271,"A"
"388","rs6983267","0.15785808461558","1e-113",-0.511296895604296,"G"
"389","rs10090154","0.297879897428227","3e-15",-0.485775562536619,"T"
"390","rs34265760","0.110646520087064","3e-10",-0.494568101996396,"T"
"391","rs12549761","0.162118849476435","2e-49",-0.504020995165084,"C"
"392","rs17694493","0.071389996086673","1e-12",-0.499290818323126,"G"
"393","rs10122495","0.049742091894814","3e-11",-0.505233626584279,"T"
"394","rs142727307","0.0732504617395927","1e-12",-0.498341601153269,"T"
"395","rs4451364","0.0506931143155182","3e-10",-0.504748411063511,"A"
"396","rs143655302","0.265436463504461","4e-19",-0.49212425331405,"G"
"397","rs2241167","0.0372957847436969","1e-08",-0.501379701661379,"A"
"398","rs12634","0.0563803334361077","4e-14",-0.501846768655047,"T"
"399","rs12781100","0.0760346862759976","3e-14",-0.50202311924694,"T"
"400","rs7075427","0.113328685307003","2e-16",-0.498301691169896,"A"
"401","rs11599847","0.108854404912082","2e-08",-0.490380405657101,"T"
"402","rs143655302","0.319721726872028","5e-06",-0.449121567922435,"G"
"403","rs10993994","0.225836801258428","4e-40",-0.502124080990598,"T"
"404","rs12769682","0.0853447806558124","4e-06",-0.492171030277647,"C"
"405","rs11043143","0.20014477537224","3e-22",-0.494824094197837,"T"
"406","rs11228580","0.246637006177872","2e-25",-0.496613772358229,"C"
"407","rs113925811","0.178153130966048","3e-12",-0.49073819848671,"A"
"408","rs4842687","0.0892387861376874","3e-06",-0.490184292786894,"A"
"409","rs7336001","0.15192497621412","2e-06",-0.478609706013204,"G"
"410","rs4901313","0.119219958343876","1e-07",-0.490193898804145,"G"
"411","rs684232","0.103088757167446","4e-09",-0.49332206266967,"C"
"412","rs28441558","0.176882877285471","1e-07",-0.481182205466596,"C"
"413","rs138213197","1.50068297557491","2e-36",-1.04556991042096,"T"
"414","rs148511027","0.15627792991129","4e-20",-0.496796974535056,"G"
"415","rs4802297","0.115010662846525","1e-11",-0.497443539364018,"G"
"416","rs2659051","0.132546320099858","2e-08",-0.488496775459256,"G"
"417","rs76765083","0.375513057221173","2e-20",-0.492085174887157,"T"
"418","rs3787099","0.156233623279281","3e-06",-0.481513457510571,"A"
"419","rs1058319","0.127033011307089","3e-06",-0.486207647292302,"C"
"420","rs5759167","0.12954980160059","2e-13",-0.495127652244597,"G"
"421","rs960417","0.0721238980369033","3e-07",-0.4989163785526,"A"
"422","rs5972255","0.0655910919904617","2e-06",-0.497147402045683,"T"
"423","rs11338635","0.0803248217217798","1e-09",-0.499834274631745,"G"
"424","rs58235267","0.115112807100505","3e-08",-0.492289384132395,"G"
"425","rs74001374","0.137149838147234","4e-09",-0.491250082577942,"C"
"426","rs4975758","0.114221144090023","2e-07",-0.487642273423458,"G"
"427","rs9443189","0.0998453349697161","2e-06",-0.489874829097084,"A"
"428","rs4646284","0.122217632724249","3e-08",-0.488664473099873,"T"
"429","rs1160267","0.16296882827814","1e-12",-0.4933832508785,"G"
"430","rs72725854","0.735727628095064","4e-82",-0.614424679543335,"T"
"431","rs10993994","0.106160195828391","4e-07",-0.491755002128372,"T"
"432","rs11043143","0.104360015324243","2e-06",-0.487571420752937,"T"
"433","rs11228580","0.27002713721306","4e-24",-0.494884113666806,"C"
"434","rs75823044","0.425267735404344","2e-11",-0.47180217581411,"T"
"435","rs11263763","0.10345870836823","2e-06",-0.488031271240699,"A"
"436","rs17886163","0.466246580368023","1e-09",-0.461098683485703,"C"
"437","rs11338635","0.0834216081390724","3e-08",-0.498254281561698,"G"
"438","rs80237341","0.152721087017664","2e-07",-0.483305567848131,"C"
"439","rs9306894","0.12575120530556","1e-10",-0.491963670762469,"G"
"440","rs7591218","0.121332285167525","4e-09",-0.489116181036977,"A"
"441","rs58235267","0.0971267107307228","3e-06",-0.491261882280244,"G"
"442","rs2028900","0.0889262091944015","5e-06",-0.490343770819183,"C"
"443","rs77167534","0.154436353304419","1e-10",-0.487532472803868,"C"
"444","rs143745027","0.17898265552844","3e-13",-0.490314971669163,"G"
"445","rs2811476","0.129272335704139","5e-07",-0.485065134844827,"C"
"446","rs35006112","0.12575120530556","4e-11",-0.491963670762469,"G"
"447","rs78416326","0.150142658429719","3e-11",-0.489723133454225,"G"
"448","rs4975758","0.20375683751402","1e-31",-0.498083246166316,"G"
"449","rs6927369","0.0916671885258239","5e-07",-0.494047352792947,"C"
"450","rs4714485","0.136277618292548","3e-12",-0.491695092707884,"G"
"451","rs1160267","0.2390169004705","2e-40",-0.505603622208929,"G"
"452","rs12677206","0.0916671885258239","3e-06",-0.494047352792947,"A"
"453","rs6984837","0.128393214768399","1e-07",-0.48551366593449,"G"
"454","rs7011138","-0.196014883925957","1e-13",-0.497966777513243,"A"
"455","rs7463326","0.235072122179483","4e-25",-0.497412182561488,"G"
"456","rs6983267","0.138021297897375","3e-13",-0.495907501072768,"G"
"457","rs10885396","0.0421011760186353","2e-10",-0.50403001223539,"T"
"458","rs4558107","0.0582689081239758","2e-16",-0.505985250957155,"A"
"459","rs140783917","0.189793571632656","1e-14",-0.489901238962931,"C"
"460","rs10788167","0.0610950993598108","1e-15",-0.504543316653158,"T"
"461","rs10749415","0.109750863959119","3e-17",-0.500127110224939,"A"
"462","rs11043143","0.149281702715754","2e-73",-0.505468519022574,"T"
"463","rs68010938","0.043059489460447","3e-08",-0.503541076805894,"T"
"464","rs1048374","0.12575120530556","1e-11",-0.491963670762469,"G"
"465","rs12785905","0.116003675756306","2e-10",-0.491834859308007,"C"
"466","rs3918298","0.126632650933366","1e-18",-0.496615994421752,"A"
"467","rs56159348","0.0554347068881005","4e-14",-0.502329231179541,"T"
"468","rs11568818","0.0732504617395927","4e-26",-0.503443641969596,"T"
"469","rs5794883","0.0667236320429081","3e-18",-0.501671616304639,"C"
"470","rs138466039","0.280657457514817","2e-11",-0.479256399227134,"T"
"471","rs878987","0.0639133257436529","4e-11",-0.503105446049157,"G"
"472","rs2066827","0.0535407669280298","3e-10",-0.503295527077536,"T"
"473","rs77216612","0.0372957847436969","2e-07",-0.501379701661379,"A"
"474","rs80130819","0.0907543632684641","4e-12",-0.499615120781396,"A"
"475","rs187809440","0.29416103854949","2e-12",-0.48257089869924,"T"
"476","rs4842687","0.0620353909194527","2e-17",-0.504063576061504,"A"
"477","rs77121786","0.0468835858988505","1e-08",-0.501590007194464,"G"
"478","rs7295014","0.0535407669280298","1e-14",-0.503295527077536,"G"
"479","rs1327653","0.043059489460447","1e-08",-0.503541076805894,"T"
"480","rs7489409","0.0825012215117438","4e-24",-0.503825907391968,"C"
"481","rs7336001","0.0944006754214843","2e-10",-0.497754757438018,"G"
"482","rs75823044","0.421994410059375","2e-11",-0.473472239765625,"T"
"483","rs1004030","0.0382587121170903","1e-08",-0.505990453001485,"T"
"484","rs6571758","0.0610950993598108","3e-19",-0.504543316653158,"G"
"485","rs11849126","0.043059489460447","2e-08",-0.503541076805894,"G"
"486","rs4901313","0.0797349680188535","1e-19",-0.500135220398544,"G"
"487","rs2093202","0.0401817896328318","2e-09",-0.505009291003657,"A"
"488","rs2847344","0.0401817896328318","1e-08",-0.505009291003657,"A"
"489","rs544780844","0.0629747991613884","2e-10",-0.498482245325822,"T"
"490","rs139283528","0.243730184922598","2e-13",-0.487892762794593,"G"
"491","rs1811698","0.0741793981742515","3e-14",-0.502969694809055,"C"
"492","rs2028900","0.0852598439508234","3e-38",-0.502418446963866,"C"
"493","rs10127983","0.0639133257436529","1e-19",-0.503105446049157,"T"
"494","rs11691517","0.0525924501191706","1e-11",-0.503779362184097,"T"
"495","rs10206072","0.0554347068881005","4e-09",-0.502329231179541,"G"
"496","rs80237341","0.137149838147234","1e-11",-0.491250082577942,"C"
"497","rs77167534","0.211070970079941","1e-55",-0.504555627510234,"C"
"498","rs4075646","0.0657877405380032","3e-08",-0.49704707115408,"T"
"499","rs34295433","0.0401817896328318","1e-08",-0.505009291003657,"C"
"500","rs74001374","0.123102197133983","3e-11",-0.493315205543886,"C"
"501","rs4245739","0.0880108773227134","2e-29",-0.506116899325146,"A"
"502","rs77559646","0.283674051054242","1e-27",-0.498125484155999,"A"
"503","rs7602028","0.0563803334361077","1e-13",-0.501846768655047,"C"
"504","rs7591218","0.0657877405380032","2e-19",-0.502149111970407,"A"
"505","rs28514770","0.0459289318883997","3e-09",-0.502077075567143,"C"
"506","rs74702681","0.158711691154821","1e-10",-0.490453218798561,"T"
"507","rs2165108","0.0769610411361284","3e-10",-0.496448448399935,"A"
"508","rs56103503","0.0563803334361077","2e-14",-0.501846768655047,"T"
"509","rs111595856","0.0806579030174545","2e-15",-0.499664335195176,"T"
"510","rs184104770","0.158711691154821","4e-08",-0.485351177982234,"A"
"511","rs34925593","0.0525924501191706","2e-14",-0.503779362184097,"C"
"512","rs507603","0.0468835858988505","2e-08",-0.501590007194464,"A"
"513","rs12621900","0.0468835858988505","2e-09",-0.501590007194464,"C"
"514","rs138638958","0.0440168854167743","2e-10",-0.503052609481238,"T"
"515","rs2074840","0.048790164169432","1e-11",-0.505719303995188,"C"
"516","rs7618603","0.0582689081239758","4e-12",-0.500883210140829,"A"
"517","rs34680713","0.059211859631846","2e-10",-0.500402112432732,"A"
"518","rs13091518","0.0382587121170903","3e-08",-0.500888412185158,"T"
"519","rs17886163","0.466246580368023","1e-09",-0.461098683485703,"C"
"520","rs555607708","0.390013003549243","1e-08",-0.459177039005488,"A"
"521","rs138708","0.150142658429719","3e-14",-0.494825174270552,"G"
"522","rs34584683","0.0685927914656117","1e-16",-0.500717963537953,"T"
"523","rs6003062","0.153579087928301","4e-23",-0.498173934730459,"G"
"524","rs9615099","0.0421011760186353","1e-08",-0.50403001223539,"T"
"525","rs960417","0.0468835858988505","1e-17",-0.506692048010791,"A"
"526","rs17321482","0.0582689081239758","1e-12",-0.500883210140829,"C"
"527","rs5972255","0.031498667059371","1e-08",-0.504337414765627,"T"
"528","rs5943724","0.0459289318883997","4e-18",-0.50717911638347,"G"
"529","rs5919393","0.0582689081239758","2e-16",-0.505985250957155,"T"
"530","rs371707439","0.0525924501191706","1e-14",-0.503779362184097,"A"
"531","rs4245739","0.108754220521596","2e-08",-0.490431520142043,"A"
"532","rs58235267","0.12272608751","3e-12",-0.493507098209184,"G"
"533","rs2028900","0.0895871069473234","2e-07",-0.495108618904427,"C"
"534","rs77167534","0.265008841412319","1e-11",-0.482138346218205,"C"
"535","rs77559646","0.257830695664478","4e-06",-0.460290461395674,"A"
"536","rs2074840","0.0852958396298766","4e-06",-0.492196000188838,"C"
"537","rs76832527","0.11137839186337","3e-07",-0.489092657212566,"A"
"538","rs7628934","0.0843848055689996","2e-06",-0.492660813485204,"C"
"539","rs2271494","0.095997489007777","3e-08",-0.491838015812359,"A"
"540","rs11717887","0.0799979989818101","4e-06",-0.494898980111321,"C"
"541","rs17804499","0.205905343481924","2e-07",-0.476578906386773,"G"
"542","rs6853490","0.120060351713737","3e-12",-0.494867167492991,"G"
"543","rs7679673","0.0988133999929882","1e-06",-0.49040132653419,"C"
"544","rs2242652","0.137621827875946","4e-09",-0.491009271491864,"G"
"545","rs4714485","0.110240797685429","2e-09",-0.49477510322172,"G"
"546","rs2038542","0.108626217444324","3e-06",-0.485394787018202,"C"
"547","rs339351","0.0996181598461347","1e-07",-0.495092775588707,"C"
"548","rs4646284","0.196475334502318","1e-26",-0.496696257906981,"T"
"549","rs10486567","0.128177800187517","1e-08",-0.490725612149226,"G"
"550","rs1160267","0.142567914992758","1e-16",-0.493587798473083,"G"
"551","rs6984837","0.0921973399415275","1e-06",-0.493776867376772,"G"
"552","rs77541621","0.634451715473482","1e-48",-0.558953206391081,"A"
"553","rs72725879","0.200008139656884","1e-19",-0.494893806297508,"T"
"554","rs183373024","0.900325238952759","2e-29",-0.61207895971798,"G"
"555","rs17464492","0.168256353955409","4e-17",-0.495787574512546,"A"
"556","rs12549761","0.158305806747106","2e-08",-0.485558261863721,"C"
"557","rs13215045","0.071389996086673","1e-24",-0.504392859139453,"C"
"558","rs963800","0.0620353909194527","3e-16",-0.504063576061504,"C"
"559","rs4513875","0.0401817896328318","1e-08",-0.505009291003657,"T"
"560","rs11452686","0.0421011760186353","3e-09",-0.50403001223539,"T"
"561","rs35389879","0.0411419433311752","1e-08",-0.504519416667768,"T"
"562","rs10486567","0.110646520087064","2e-38",-0.504772183629049,"G"
"563","rs12701838","0.0629747991613884","2e-14",-0.503584286142149,"A"
"564","rs6955627","0.0544881852840698","4e-08",-0.50281215036527,"C"
"565","rs870167","0.0629747991613884","2e-08",-0.498482245325822,"G"
"566","rs2572375","0.0449733656427312","4e-08",-0.502564609365953,"C"
"567","rs6557704","0.0695260626486103","2e-18",-0.505343845587444,"A"
"568","rs11467","0.0401817896328318","4e-08",-0.505009291003657,"A"
"569","rs73700335","0.0525924501191706","4e-08",-0.49867732136777,"G"
"570","rs57588856","0.0459289318883997","2e-07",-0.502077075567143,"C"
"571","rs7011138","-0.0618754037180875","2e-08",-0.500956838631677,"A"
"572","rs7463326","0.166361537215225","2e-82",-0.506958399379987,"G"
"573","rs10090154","0.477475644084437","4e-06",-0.429859365263042,"T"
"574","rs10993994","0.166361537215225","1e-18",-0.496754317747334,"T"
"575","rs11817544","0.152721087017664","2e-12",-0.493509649480784,"C"
"576","rs140783917","0.197210169287705","4e-14",-0.491219301383824,"C"
"577","rs77216612","0.0980337402713654","2e-08",-0.495901152922773,"A"
"578","rs187809440","0.303801454331664","1e-12",-0.482754360034865,"T"
"579","rs4842687","0.113328685307003","2e-06",-0.488097609537243,"A"
"580","rs79133931","0.178146185383474","1e-06",-0.475435619702309,"T"
"581","rs8023793","0.109750863959119","1e-09",-0.495025069408613,"A"
"582","rs11263763","0.27002713721306","1e-38",-0.505088195299459,"A"
"583","rs2659051","0.134530892957606","3e-13",-0.492586279103262,"G"
"584","rs1058319","0.107957141505092","4e-09",-0.490838193109647,"C"
"585","rs78416326","0.242946178610389","2e-09",-0.478088684382455,"G"
"586","rs6983267","0.19062035960865","2e-06",-0.474173285913954,"G"
"587","rs10993994","0.255417111864505","1e-10",-0.476828004150763,"T"
"588","rs3918298","0.319907219746518","1e-06",-0.454128969517083,"A"
"589","rs10993994","0.254642218373581","1e-10",-0.477223357972663,"T"
"590","rs555778703","0.598836501088704","2e-08",0.0606308679024,"G"
"591","rs62262671","0.113328685307003","4e-08",0.0221064720954097,"G"
"592","rs80242938","2.45958884180371","4e-09",1.17325961316516,"G"
"593","rs149892036","0.76080582903376","4e-08",0.0667376678743674,"T"
"594","rs139191981","1.69193913394584","5e-08",0.378540374462163,"A"
"595","chr17:48728343","1.74885196821678","3e-16",-1.03732042437919,"T"
"596","chr17:48728343","1.50585359617753","2e-22",-0.931197144807383,"T"
"597","rs16902147","0.62057648772511","1e-11",-0.479297710344332,"C"
"598","rs79012498","0.593326845277734","2e-11",-0.477894466695034,"G"
"599","rs11650494","0.672944473242426","3e-09",-0.401558942223252,"A"
"600","rs58809953","0.536493370514568","3e-09",-0.455870729329302,"A"
"601","rs2074187","0.506817602368452","4e-08",-0.445501223281402,"A"
"602","rs9656816","0.357674444271816","2e-10",-0.470574263126624,"G"
"603","rs12795301","0.350656871613169","3e-08",-0.45884853489124,"A"
"604","rs4871798","0.285178942233662","3e-10",-0.47694951926854,"A"
"605","rs6985504","0.2390169004705","1e-08",-0.474991377310969,"A"
"606","rs4793976","0.231111720963387","1e-08",-0.479024632161537,"G"
"607","rs4793529","-0.22314355131421","2e-08",-0.491399771078679,"G"
"608","rs4871790","-0.22314355131421","2e-08",-0.491399771078679,"C"
"609","rs587948","-0.22314355131421","3e-08",-0.491399771078679,"C"
"610","rs2739459","-0.23572233352107","2e-08",-0.49271547628626,"G"
"611","rs757138","-0.2484613592985","1e-08",-0.494112938417602,"C"
"612","rs266876","-0.27443684570176","3e-08",-0.492059615153959,"G"
"613","rs188140481","1.63","2e-15",0.204081632653061,"A"
"614","rs138213197","2.5","3e-19",0.280612244897959,"T"
"615","rs116532339","0.164338170000002","2e-10",0.02772355612245,"G"
"616","rs4672531","0.179748850000004","3e-15",0.0202800255102061,"T"
"617","rs149272765","0.92212635","1e-27",0.0827175255102041,"T"
"618","rs74651796","0.166365550000002","1e-09",0.0287579336734704,"G"
"619","rs9310048","0.198155279999998","2e-15",0.0245690204081622,"C"
"620","rs13177600","0.232398439999997","3e-28",0.0216318571428556,"A"
"621","rs12202378","0.191033990000002","3e-19",0.0209357091836745,"C"
"622","rs1983891","0.1388509","4e-11",0.0208422959183673,"T"
"623","rs62451152","0.297182859999997","1e-08",0.0546851326530597,"C"
"624","rs72725879","0.499923049999999","1e-115",0.020368903061224,"T"
"625","rs4872174","0.26981884","4e-36",0.0203157346938775,"T"
"626","rs77612511","0.180764200000001","2e-09",0.0310021428571434,"T"
"627","rs4980020","0.138211670000003","2e-10",0.0215365663265321,"A"
"628","rs142025399","0.546374099999998","2e-17",0.064476581632652,"T"
"629","rs61390061","0.439876","4e-13",0.0611612244897959,"T"
"630","chr17:46493479","3.0365047","3e-14",0.401277908163265,"C"
"631","rs532860474","0.683596429999998","5e-08",0.124283892857142,"A"
"632","rs2735837","0.142078739999996","3e-11",0.0214687448979571,"G"
"633","rs2823739","0.17302689","1e-08",0.0321565765306122,"G"
"634","rs138426","0.158325699999998","2e-11",0.0246559693877541,"A"
"635","rs3838485","0.0749999999999985","4e-09",0.0127551020408156,"C"
"636","rs930947","0.0942000000000028","3e-09",0.0159183673469402,"A"
"637","rs9306895","0.0918000000000042","4e-14",0.0121428571428593,"C"
"638","rs116154780","0.316500000000002","1e-08",0.0543367346938786,"T"
"639","rs58235267","0.116499999999996","3e-21",0.012499999999998,"G"
"640","rs149272765","0.922100000000001","1e-27",0.0827040816326536,"T"
"641","rs78416326","0.154499999999996","2e-24",0.0176020408163245,"C"
"642","rs60086365","0.125500000000003","4e-25",0.0130102040816342,"A"
"643","rs7679673","0.101799999999999","2e-15",0.0126530612244893,"A"
"644","rs199577062","0.167599999999997","1e-39",0.0140816326530597,"T"
"645","rs339334","0.135099999999996","3e-27",0.0128061224489776,"G"
"646","rs4646284","0.1396","1e-25",0.0151020408163265,"T"
"647","rs9358412","0.0907999999999967","3e-10",0.0141836734693861,"A"
"648","rs9263523","0.0948999999999988","1e-10",0.0147448979591831,"T"
"649","rs3798550","0.0912000000000022","3e-10",0.0143877551020419,"A"
"650","rs2709729","0.0866000000000002","1e-12",0.0120408163265307,"T"
"651","rs10486567","0.150299999999999","2e-23",0.0154591836734689,"A"
"652","rs11768309","0.1088","1e-16",0.0131632653061224,"A"
"653","chr8:129642851","1.8973","1e-08",0.335357142857143,"A"
"654","rs77612511","0.180300000000003","2e-09",0.0307653061224505,"T"
"655","rs7077275","0.0820999999999981","2e-08",0.0148469387755092,"C"
"656","rs10993994","0.2031","3e-53",0.0117857142857143,"C"
"657","rs56002941","0.132200000000003","2e-11",0.0194897959183689,"G"
"658","rs12285347","0.0775000000000002","1e-08",0.0135204081632654,"C"
"659","rs10840606","0.177999999999999","1e-23",0.0193877551020403,"G"
"660","rs7307567","0.102600000000003","3e-08",0.0186734693877566,"T"
"661","rs56222401","0.0859000000000017","2e-10",0.0137244897959192,"G"
"662","rs73110464","0.186999999999996","1e-17",0.0239795918367326,"T"
"663","rs12889169","0.118200000000001","3e-10",0.0189795918367352,"T"
"664","rs138213197","2.6106","4e-76",0.143163265306122,"T"
"665","rs6501436","0.1081","1e-18",0.0122959183673469,"A"
"666","rs532860474","0.6836","5e-08",0.124285714285714,"A"
"667","rs4802297","0.118100000000002","3e-22",0.012295918367348,"C"
"668","rs2569735","0.183700000000003","1e-34",0.0171938775510219,"G"
"669","rs6423444","0.111700000000002","3e-15",0.0141326530612255,"A"
"670","rs5759167","0.1027","2e-17",0.0120918367346939,"T"
"671","rs5937025","0.0466000000000041","4e-08",0.00846938775510414,"T"
"672","rs76010824","0.231111720963387","1e-07",-0.473922591345211,"A"
"673","rs140659849","0.959350221334602","1e-07",-0.444209070747652,"A"
"674","rs114997855","0.512823626428664","1e-07",-0.442436925291498,"A"
"675","rs78943174","0.289000000000001","4e-08",0.0505102040816332,"C"
"676","rs13007211","0.0431999999999975","1e-09",0.0072448979591824,"A"
"677","rs17041869","0.0571000000000046","2e-09",0.00974489795918602,"A"
"678","rs739704","0.0541999999999995","3e-14",0.00724489795918342,"A"
"679","rs17762342","0.0610000000000045","2e-15",0.00765306122449209,"A"
"680","rs3802173","0.0520999999999997","3e-11",0.00770408163265291,"T"
"681","rs9657608","0.0685000000000006","1e-10",0.0104591836734697,"T"
"682","rs7898685","0.0428000000000014","3e-10",0.00704081632653133,"A"
"683","rs7937840","0.0446000000000042","2e-09",0.00744897959183888,"T"
"684","rs72932523","0.0600999999999964","1e-09",0.00974489795918184,"A"
"685","rs2628317","0.0581999999999976","4e-16",0.00724489795918245,"A"
"686","rs1469713","0.0429999999999975","1e-10",0.00663265306122321,"A"
